name,imbalance_level,loss_type,overall_acc,per_class_acc,confusion_matrix,seed
Seed 0 | Imbalance 1.0 + standard loss,1.0,standard,0.7054,[0.794 0.87  0.534 0.502 0.726 0.588 0.744 0.798 0.778 0.72 ],"[[397  17  12   6  13   4   8   5  24  14]
 [ 12 435   5   7   1   3   4   0   4  29]
 [ 44   6 267  19  76  23  33  18  10   4]
 [ 11   5  35 251  48  71  37  21  12   9]
 [  6   2  24  29 363  12  21  37   6   0]
 [  6   4  22  88  33 294  12  35   4   2]
 [  5   3  27  32  38  11 372   4   5   3]
 [  8   4  15  16  33  15   5 399   3   2]
 [ 42  29   3   5   9   3   1   4 389  15]
 [ 22  65   6   2  13   3   4   7  18 360]]",0
Seed 0 | Imbalance 1.0 + weighted loss,1.0,weighted,0.6988,[0.846 0.844 0.546 0.444 0.642 0.566 0.862 0.796 0.732 0.71 ],"[[423  12  13   4   5   2   7   6  16  12]
 [ 19 422   4   2   3   0  12   4  11  23]
 [ 48   5 273  17  50  18  55  19   5  10]
 [ 22   3  43 222  42  68  63  22   9   6]
 [ 18   3  35  19 321  13  47  36   5   3]
 [ 13   3  35  60  23 283  31  44   6   2]
 [  3   2  18  10  19  13 431   2   2   0]
 [ 21   2  12  11  27  14   9 398   1   5]
 [ 69  32   5   1   4   5   5   3 366  10]
 [ 41  65   5   5   8   1   3   6  11 355]]",0
Seed 0 | Imbalance 0.5 + standard loss,0.5,standard,0.6762,[0.846 0.78  0.42  0.352 0.564 0.616 0.846 0.79  0.724 0.824],"[[423   6   9   2   3   2   9   7  18  21]
 [ 21 390   2   4   1   2   4   4  12  60]
 [ 66   5 210  20  49  36  61  35   7  11]
 [ 34   8  26 176  25 111  72  29   9  10]
 [ 18   2  38  27 282  22  41  63   5   2]
 [ 18   1  16  50  17 308  37  42   4   7]
 [  3   1  19  17   8  18 423   5   5   1]
 [ 20   2  11  11  22  29   3 395   2   5]
 [ 76  21   3   3   1   8   3   3 362  20]
 [ 27  34   2   2   1   2   2   9   9 412]]",0
Seed 0 | Imbalance 0.5 + weighted loss,0.5,weighted,0.6698,[0.73  0.718 0.618 0.392 0.542 0.634 0.772 0.676 0.808 0.808],"[[365  11  49   4   6   3   2   4  33  23]
 [ 17 359   7   3   0   1   4   0  30  79]
 [ 28   4 309  16  30  40  37  10  13  13]
 [ 13   2  55 196  33 119  41  13  12  16]
 [ 13   3  67  25 271  39  41  30   8   3]
 [ 10   2  44  55  17 317  15  25   5  10]
 [  5   0  35  29  14  16 386   4   2   9]
 [ 15   2  32  14  22  49   7 338   3  18]
 [ 38  15   8   5   1   6   2   4 404  17]
 [ 26  35   5   3   1   3   1   5  17 404]]",0
Seed 0 | Imbalance 0.2 + standard loss,0.2,standard,0.6094,[0.832 0.732 0.382 0.194 0.152 0.484 0.912 0.806 0.844 0.756],"[[416   7   5   0   0   1  11   6  38  16]
 [ 22 366   0   1   0   1  21   5  22  62]
 [ 79   7 191   9   5  28 117  37  17  10]
 [ 37   3  29  97   3  99 145  54  20  13]
 [ 39   3  55  26  76  30 167  88  14   2]
 [ 24   0  39  32   4 242  85  53  13   8]
 [  5   0  11  11   1   3 456   5   5   3]
 [ 21   1   9   6   4  18  23 403   4  11]
 [ 37  18   2   2   0   2   6   5 422   6]
 [ 27  38   3   2   1   4  11   9  27 378]]",0
Seed 0 | Imbalance 0.2 + weighted loss,0.2,weighted,0.623,[0.684 0.836 0.528 0.384 0.448 0.414 0.794 0.728 0.746 0.668],"[[342  29  38   8   9   6  10   5  39  14]
 [ 10 418  10   5   2   0   9   2   7  37]
 [ 37   8 264  42  31  25  54  25   9   5]
 [  9   7  71 192  31  64  75  31  10  10]
 [  9   5  65  37 224   6  84  62   8   0]
 [  7   5  58 109  17 207  36  51   6   4]
 [  2   1  35  38  10   6 397   5   1   5]
 [ 11   1  26  19  23  21  19 364   6  10]
 [ 45  43  10  10   2   1   4   3 373   9]
 [ 21  83  10  10   5   2   7  10  18 334]]",0
Seed 0 | Imbalance 0.1 + standard loss,0.1,standard,0.5616,[0.708 0.882 0.152 0.296 0.162 0.174 0.902 0.762 0.752 0.826],"[[354  34   2   1   0   0   8   8  38  55]
 [  2 441   0   0   0   0   1   0   4  52]
 [ 81  36  76  31  29   5 125  68  18  31]
 [ 27  50   8 148  11  13 122  53  16  52]
 [ 25  36  20  20  81   7 166 117  17  11]
 [ 16  34  13  95   6  87  76 115  16  42]
 [  3  13   3   7   3   1 451   3   2  14]
 [ 10  17   1   6   3   5  23 381   3  51]
 [ 30  51   1   3   0   0   2   4 376  33]
 [  6  68   1   2   0   0   2   2   6 413]]",0
Seed 0 | Imbalance 0.1 + weighted loss,0.1,weighted,0.595,[0.74  0.79  0.582 0.284 0.416 0.576 0.71  0.64  0.642 0.57 ],"[[370  10  51   9   2  15  11   7  19   6]
 [ 20 395  12   6   3   1  11   7  16  29]
 [ 34   6 291  19  40  51  38  13   6   2]
 [ 12   8  73 142  22 153  61  17   5   7]
 [ 12   2 112  25 208  49  45  40   7   0]
 [  7   2  79  64   8 288  20  28   2   2]
 [  1   1  69  24  25  19 355   3   1   2]
 [ 13   1  45  20  16  66  12 320   2   5]
 [ 84  25  26  14   0  11   5   3 321  11]
 [ 43  94  21   5   1  10  12  17  12 285]]",0
Seed 1 | Imbalance 1.0 + standard loss,1.0,standard,0.674,[0.784 0.824 0.678 0.43  0.502 0.692 0.66  0.688 0.782 0.7  ],"[[392  10  25   9   3   5   3   3  40  10]
 [ 12 412   7   3   2   3   5   1  28  27]
 [ 37   6 339  29  20  28  21   9   7   4]
 [ 25   3  59 215  14 135  21  14   9   5]
 [ 15   3  94  41 251  40  27  21   8   0]
 [ 11   3  56  49  11 346   5  18   0   1]
 [  6   8  61  32  18  37 330   2   3   3]
 [ 15   4  44  13  20  50   4 344   3   3]
 [ 58  22   6   5   1  12   0   1 391   4]
 [ 32  63   7   8   2   4   2   5  27 350]]",1
Seed 1 | Imbalance 1.0 + weighted loss,1.0,weighted,0.6948,[0.798 0.838 0.64  0.512 0.66  0.492 0.792 0.648 0.752 0.816],"[[399  11  23   3   7   0   6   4  19  28]
 [ 11 419   6   3   1   0   3   0  12  45]
 [ 36   4 320  22  47   8  37   7   8  11]
 [ 19  13  61 256  38  42  33  11   9  18]
 [ 10   5  46  27 330  10  39  26   7   0]
 [ 14   4  52 101  30 246  17  26   3   7]
 [  5   3  28  30  19   6 396   1   5   7]
 [  9   5  33  31  50  14   7 324   3  24]
 [ 51  29   7   5   4   3   1   1 376  23]
 [ 19  44   6   5   4   0   2   2  10 408]]",1
Seed 1 | Imbalance 0.5 + standard loss,0.5,standard,0.6708,[0.68  0.828 0.514 0.44  0.62  0.602 0.84  0.64  0.762 0.782],"[[340  21  26   5   6   8   9  13  42  30]
 [  6 414   5   9   1   4   7   4   8  42]
 [ 31   5 257  24  54  39  63  11   7   9]
 [  5   7  41 220  42  91  65  12   9   8]
 [ 10   2  34  31 310  39  48  18   6   2]
 [  7   3  34  83  30 301  24  13   4   1]
 [  2   2  18  22  14  17 420   2   2   1]
 [  3   4  18  29  48  59  10 320   1   8]
 [ 23  41   7  11   2   5   6   5 381  19]
 [ 11  53   3   7   9   2   3   9  12 391]]",1
Seed 1 | Imbalance 0.5 + weighted loss,0.5,weighted,0.6732,[0.584 0.812 0.688 0.492 0.536 0.428 0.836 0.726 0.9   0.73 ],"[[292   7  58   9  14   0   8  10  84  18]
 [  9 406   4   2   2   2   5   3  37  30]
 [ 12   5 344  22  33  10  44  12  12   6]
 [  6   8  60 246  31  45  57  27  13   7]
 [  4   7  69  33 268  11  68  31   9   0]
 [  6   4  68 104  21 214  35  37   7   4]
 [  3   2  42  18   4   1 418   2   6   4]
 [  8   2  39  22  25  14  13 363   5   9]
 [  9  11  10   8   3   2   1   3 450   3]
 [ 14  53   9   3   3   1   3   3  46 365]]",1
Seed 1 | Imbalance 0.2 + standard loss,0.2,standard,0.6232,[0.76  0.746 0.336 0.252 0.334 0.448 0.92  0.776 0.874 0.786],"[[380   8  10   2   1   3   8  10  59  19]
 [ 11 373   0   0   1   2  10   8  36  59]
 [ 65   8 168  14  41  25 106  39  20  14]
 [ 28   8  31 126  34  51 136  48  22  16]
 [ 27   8  38  21 167  17 138  61  18   5]
 [ 16   4  28  55  22 224  65  64  15   7]
 [  4   1   8   8   3   3 460   4   5   4]
 [ 17   3   9  13  14  17  17 388   3  19]
 [ 28  13   2   0   1   3   2   5 437   9]
 [ 21  33   2   2   1   4   3   9  32 393]]",1
Seed 1 | Imbalance 0.2 + weighted loss,0.2,weighted,0.6158,[0.686 0.666 0.456 0.22  0.45  0.664 0.788 0.646 0.764 0.818],"[[343   7  30   3   5  14   6   8  51  33]
 [ 10 333   5   4   0  12   9   2  19 106]
 [ 46   2 228  14  30  76  66   9  13  16]
 [ 19   3  40 110  32 188  65  10  15  18]
 [ 15   1  69  23 225  41  78  35   9   4]
 [ 10   2  36  34  17 332  36  15  11   7]
 [  3   1  35  12  14  31 394   0   5   5]
 [ 12   2  18  12  23  77  14 323   3  16]
 [ 43  17   2   3   1  24   4   2 382  22]
 [ 16  30   4   3   0  13   4   2  19 409]]",1
Seed 1 | Imbalance 0.1 + standard loss,0.1,standard,0.5686,[0.756 0.868 0.178 0.198 0.072 0.262 0.94  0.898 0.808 0.706],"[[378  20   5   1   0   1  10  18  51  16]
 [  6 434   0   1   0   1  11   8  13  26]
 [ 77  15  89  11   4  11 140 120  27   6]
 [ 42  12  11  99   4  31 148 121  21  11]
 [ 31  14  19  22  36   9 191 159  18   1]
 [ 22   4  14  54   2 131  87 168  11   7]
 [  4   2   0   6   1   0 470  11   6   0]
 [ 12   6   3   2   0   4  17 449   2   5]
 [ 30  36   2   1   0   1   5   9 404  12]
 [ 14  76   2   1   0   2   6  25  21 353]]",1
Seed 1 | Imbalance 0.1 + weighted loss,0.1,weighted,0.5994,[0.718 0.776 0.482 0.31  0.288 0.37  0.832 0.714 0.746 0.758],"[[359  14  19   5   1   3   8  12  43  36]
 [  4 388   3   1   2   1  15   1  15  70]
 [ 52   8 241  28  29  19  81  17  12  13]
 [ 18   8  78 155  22  59 102  22  15  21]
 [ 18   6  97  26 144  22 130  43  12   2]
 [ 14   4  79  68  10 185  65  57   7  11]
 [  5   1  28  21   3   8 416   4   7   7]
 [ 20   6  26  15  19  15  19 357   2  21]
 [ 44  28   5   4   3   4   7   5 373  27]
 [ 15  56   9   1   1   1   9   9  20 379]]",1
Seed 2 | Imbalance 1.0 + standard loss,1.0,standard,0.7002,[0.744 0.8   0.544 0.484 0.63  0.672 0.864 0.666 0.802 0.796],"[[372  11  21   9  15   5   8   5  30  24]
 [  8 400   2   5   1   4   8   0  14  58]
 [ 31   5 272  21  44  42  52   9  11  13]
 [ 10   5  32 242  28  98  57   9   6  13]
 [  7   3  28  26 315  31  55  23   7   5]
 [  3   4  17  62  24 336  26  17   3   8]
 [  2   3  15  17   9  14 432   2   2   4]
 [ 12   2  15  21  36  47  11 333   2  21]
 [ 31  25   5  11   3   5   4   1 401  14]
 [ 23  44   2   8   3   2   4   5  11 398]]",2
Seed 2 | Imbalance 1.0 + weighted loss,1.0,weighted,0.692,[0.828 0.75  0.558 0.574 0.678 0.636 0.716 0.734 0.698 0.748],"[[414   4  11  16  14   6   5   7  11  12]
 [ 24 375   6  13   4   4   9   4  11  50]
 [ 41   2 279  45  60  27  24  13   5   4]
 [ 12   0  30 287  33  93  25  15   1   4]
 [  9   2  33  38 339  21  27  28   2   1]
 [  8   1  23  98  23 318  10  17   0   2]
 [  5   0  37  44  25  27 358   2   1   1]
 [ 14   1  13  24  41  33   4 367   0   3]
 [ 74  21   8  16   4   8   1   2 349  17]
 [ 45  25   8  13   3   4   4   9  15 374]]",2
Seed 2 | Imbalance 0.5 + standard loss,0.5,standard,0.647,[0.762 0.794 0.422 0.356 0.384 0.564 0.86  0.738 0.908 0.682],"[[381   6   7   2   1   4   9   3  76  11]
 [ 17 397   1   0   1   1   4   0  49  30]
 [ 69   5 211  15  22  37  74  23  37   7]
 [ 12  10  36 178  16  95  71  20  47  15]
 [ 19   3  42  40 192  25 111  39  28   1]
 [ 11   5  25  58   8 282  51  39  18   3]
 [  6   1  11  15   2  13 430   2  18   2]
 [ 18   4  12  17  18  27  13 369  14   8]
 [ 25   9   2   2   0   3   0   2 454   3]
 [ 24  56   4   3   1   2   5   2  62 341]]",2
Seed 2 | Imbalance 0.5 + weighted loss,0.5,weighted,0.6588,[0.72  0.792 0.398 0.514 0.646 0.592 0.774 0.69  0.702 0.76 ],"[[360  15  16  10  18   6  11   6  30  28]
 [  7 396   3  15   3   3   7   2  13  51]
 [ 44   5 199  56  80  41  45  17   6   7]
 [ 10   6  25 257  41  93  42   8   8  10]
 [ 11   2  23  48 323  29  37  21   5   1]
 [  8   2  17 105  31 296  21  15   2   3]
 [  1   1  19  52  23  14 387   0   2   1]
 [  8   3  11  34  38  42  10 345   2   7]
 [ 51  36   5  18  12   7   2   1 351  17]
 [ 15  57   4  15   7   4   5   3  10 380]]",2
Seed 2 | Imbalance 0.2 + standard loss,0.2,standard,0.608,[0.804 0.832 0.252 0.398 0.188 0.398 0.912 0.724 0.772 0.8  ],"[[402  16   4   2   1   2  13   2  31  27]
 [ 10 416   0   3   0   0   5   1  12  53]
 [ 91   9 126  41   9  24 137  26  14  23]
 [ 40  14  16 199   6  42 116  29  24  14]
 [ 48   7  33  42  94  13 176  63  14  10]
 [ 22   6  17 103   5 199  85  46   7  10]
 [  5   2   3  19   1   3 456   4   4   3]
 [ 28   6   3  24   4  23  23 362   5  22]
 [ 43  24   3   6   1   2   8   3 386  24]
 [ 21  53   1   3   0   2   2   4  14 400]]",2
Seed 2 | Imbalance 0.2 + weighted loss,0.2,weighted,0.6282,[0.82  0.81  0.57  0.472 0.454 0.382 0.798 0.674 0.616 0.686],"[[410  12  36   8   1   0   6   3  11  13]
 [ 24 405  10   4   2   2   5   1  11  36]
 [ 48   7 285  37  35  17  44  14   6   7]
 [ 20   7  65 236  26  50  59  22   7   8]
 [ 17   5  96  43 227  15  60  32   4   1]
 [ 13   2  68 136  21 191  32  29   1   7]
 [  5   4  36  33  13   6 399   3   0   1]
 [ 18   3  32  31  38  26   7 337   2   6]
 [106  34  11  13   8   2   5   3 308  10]
 [ 43  64  11   7   4   1   4   9  14 343]]",2
Seed 2 | Imbalance 0.1 + standard loss,0.1,standard,0.5548,[0.798 0.834 0.046 0.162 0.172 0.228 0.866 0.872 0.802 0.768],"[[399  20   0   0   1   0   9  14  35  22]
 [ 10 417   0   0   0   0   4   5  19  45]
 [126  18  23   9  28  10 117 125  30  14]
 [ 37  16   3  81  13  30 125 120  30  45]
 [ 47  12   2  15  86   6 130 167  22  13]
 [ 25   9   4  36   3 114  65 197  25  22]
 [ 10   7   0   7   3   2 433  15   8  15]
 [ 14   4   0   3   2   5   6 436   6  24]
 [ 54  22   1   0   0   1   2   8 401  11]
 [ 19  59   1   1   1   2   2   9  22 384]]",2
Seed 2 | Imbalance 0.1 + weighted loss,0.1,weighted,0.577,[0.586 0.856 0.28  0.506 0.496 0.49  0.542 0.778 0.758 0.478],"[[293  37  24  11  22  10   9   5  72  17]
 [  4 428   2  11   3   5   3  11  14  19]
 [ 36   8 140  73 103  36  35  52  12   5]
 [ 10   5  18 253  51  91  18  40   6   8]
 [  3   5  18  74 248  35  20  84  11   2]
 [  5   5  19 114  31 245   3  76   2   0]
 [  2   4  14  97  59  25 271  25   2   1]
 [  3   4   9  33  29  25   2 389   2   4]
 [ 29  42   2  12  11   7   5   4 379   9]
 [ 13 155   2  13   8   9   5  33  23 239]]",2
